Order_ID,Order_Date,Product,Category,Quantity,Sales,Cost,Region
ORD001,05-01-2026,Laptop,Electronics,1,55000,48000,Delhi
ORD002,07-01-2026,Mouse,Accessories,2,1600,1000,Mumbai
ORD003,09-01-2026,Chair,Furniture,2,9000,6000,Delhi
ORD004,12-01-2026,Keyboard,Accessories,1,2500,1700,Pune
ORD005,15-01-2026,Monitor,Electronics,1,18000,14500,Mumbai
ORD006,18-01-2026,Desk,Furniture,1,7000,5000,Bangalore
ORD007,21-01-2026,Headphones,Accessories,2,5000,3200,Delhi
ORD008,25-01-2026,Printer,Electronics,1,12000,9500,Hyderabad
ORD009,02-02-2026,Laptop,Electronics,1,54000,47000,Pune
ORD010,05-02-2026,Mouse,Accessories,3,2400,1500,Delhi
ORD011,08-02-2026,Chair,Furniture,1,4500,3000,Mumbai
ORD012,11-02-2026,Keyboard,Accessories,2,5000,3400,Bangalore
ORD013,14-02-2026,Monitor,Electronics,2,36000,29000,Delhi
ORD014,18-02-2026,Desk,Furniture,2,14000,10000,Hyderabad
ORD015,22-02-2026,Headphones,Accessories,1,2600,1700,Pune
ORD016,26-02-2026,Printer,Electronics,2,24000,19000,Mumbai
ORD017,01-03-2026,Laptop,Electronics,1,56000,49000,Bangalore
ORD018,04-03-2026,Mouse,Accessories,2,1600,1000,Hyderabad
ORD019,07-03-2026,Chair,Furniture,3,13500,9000,Delhi
ORD020,10-03-2026,Keyboard,Accessories,1,2500,1700,Pune
ORD021,13-03-2026,Monitor,Electronics,1,18500,14500,Bangalore
ORD022,17-03-2026,Desk,Furniture,1,7200,5000,Mumbai
ORD023,20-03-2026,Headphones,Accessories,3,7500,4800,Delhi
ORD024,23-03-2026,Printer,Electronics,1,12500,9500,Hyderabad
ORD025,02-04-2026,Laptop,Electronics,2,110000,96000,Delhi
ORD026,06-04-2026,Mouse,Accessories,1,800,500,Mumbai
ORD027,10-04-2026,Chair,Furniture,2,9000,6000,Bangalore
ORD028,14-04-2026,Monitor,Electronics,1,18000,14500,Pune
ORD029,18-04-2026,Desk,Furniture,1,7000,5000,Hyderabad
ORD030,22-04-2026,Headphones,Accessories,2,5200,3400,Delhi
